1,Empleado_1,2022-05-06T09:24:59Z,7,4
2,Empleado_2,2021-03-23T14:18:01Z,3,7
3,Empleado_3,2022-08-22T07:09:19Z,9,13
4,Empleado_4,2022-04-01T11:19:15Z,2,5
5,Empleado_5,2021-07-11T00:44:43Z,2,7
6,Empleado_6,2020-03-13T21:10:53Z,5,1
7,Empleado_7,2021-08-01T02:43:20Z,4,9
8,Empleado_8,2021-07-07T13:55:37Z,3,10
9,Empleado_9,2021-12-30T13:32:35Z,7,8
10,Empleado_10,2022-01-26T22:29:36Z,4,15
11,Empleado_11,2021-05-12T08:47:04Z,7,7
12,Empleado_12,2021-08-29T16:44:57Z,8,3
13,Empleado_13,2021-10-08T08:53:02Z,8,1
14,Empleado_14,2021-01-13T01:05:20Z,9,13
15,Empleado_15,2020-06-22T13:42:44Z,7,3
16,Empleado_16,2022-02-17T22:18:49Z,4,4
17,Empleado_17,2021-03-27T04:10:31Z,7,12
18,Empleado_18,2021-03-07T12:19:27Z,5,7
19,Empleado_19,2021-03-09T17:21:32Z,1,9
20,Empleado_20,2020-12-03T09:06:18Z,9,7
21,Empleado_21,2022-06-03T19:03:40Z,4,3
22,Empleado_22,2021-01-27T13:44:52Z,2,15
23,Empleado_23,2020-08-11T21:38:13Z,1,13
24,Empleado_24,2022-03-06T18:20:35Z,9,4
25,Empleado_25,2020-12-05T12:48:22Z,2,6
26,Empleado_26,2020-07-08T03:01:52Z,6,7
27,Empleado_27,2020-04-11T08:17:59Z,1,5
28,Empleado_28,2021-11-11T04:45:55Z,7,4
29,Empleado_29,2021-06-17T14:40:51Z,7,1
30,Empleado_30,2022-01-04T17:18:02Z,10,6
31,Empleado_31,2021-03-07T20:26:58Z,9,8
32,Empleado_32,2021-12-12T17:58:49Z,6,10
33,Empleado_33,2022-04-11T04:28:22Z,7,3
34,Empleado_34,2022-03-11T07:02:57Z,2,15
35,Empleado_35,2022-07-01T17:32:58Z,4,10
36,Empleado_36,2022-04-27T09:24:46Z,8,7
37,Empleado_37,2021-12-19T15:22:38Z,5,5
38,Empleado_38,2021-02-17T11:32:13Z,6,12
39,Empleado_39,2022-06-23T05:16:16Z,9,7
40,Empleado_40,2020-01-17T10:22:53Z,6,12
41,Empleado_41,2021-06-05T03:43:41Z,2,1
42,Empleado_42,2021-08-01T19:53:04Z,8,15
43,Empleado_43,2020-11-06T09:55:09Z,10,8
44,Empleado_44,2020-03-07T10:02:02Z,8,5
45,Empleado_45,2020-04-14T23:01:09Z,7,6
46,Empleado_46,2020-05-03T07:33:56Z,3,15
47,Empleado_47,2022-06-27T17:29:27Z,8,15
48,Empleado_48,2021-08-25T15:04:45Z,1,10
49,Empleado_49,2022-06-18T21:02:19Z,6,3
50,Empleado_50,2021-10-17T00:00:27Z,9,3
51,Empleado_51,2021-08-28T11:11:36Z,2,5
52,Empleado_52,2020-12-04T20:54:23Z,4,14
53,Empleado_53,2021-01-04T20:28:54Z,4,7
54,Empleado_54,2020-06-06T11:51:09Z,4,2
55,Empleado_55,2020-04-19T18:18:16Z,8,1
56,Empleado_56,2020-02-26T07:09:31Z,10,9
57,Empleado_57,2020-01-21T10:03:12Z,10,4
58,Empleado_58,2020-08-30T01:52:08Z,5,6
59,Empleado_59,2021-01-14T04:03:51Z,10,14
60,Empleado_60,2021-12-24T14:36:04Z,10,10
61,Empleado_61,2020-09-01T06:28:07Z,10,2
62,Empleado_62,2021-03-05T14:54:19Z,9,12
63,Empleado_63,2021-09-16T09:17:35Z,7,1
64,Empleado_64,2020-09-11T22:09:43Z,6,5
65,Empleado_65,2020-03-25T21:15:27Z,6,7
66,Empleado_66,2021-10-19T17:17:58Z,5,13
67,Empleado_67,2021-11-25T17:48:22Z,3,14
68,Empleado_68,2020-07-19T23:12:44Z,8,11
69,Empleado_69,2021-10-24T00:18:07Z,5,13
70,Empleado_70,2020-11-27T17:40:52Z,2,11
71,Empleado_71,2022-08-12T13:48:45Z,4,12
72,Empleado_72,2021-12-14T02:31:33Z,9,6
73,Empleado_73,2022-04-01T00:50:53Z,9,15
74,Empleado_74,2020-10-10T20:40:45Z,9,3
75,Empleado_75,2021-11-04T05:50:20Z,1,13
76,Empleado_76,2021-12-09T11:22:39Z,2,12
77,Empleado_77,2022-03-23T03:18:27Z,7,4
78,Empleado_78,2021-09-01T12:57:41Z,1,12
79,Empleado_79,2021-04-23T04:13:49Z,7,1
80,Empleado_80,2022-03-22T10:06:36Z,6,6
81,Empleado_81,2021-04-14T11:50:09Z,3,3
82,Empleado_82,2021-12-31T10:46:49Z,4,8
83,Empleado_83,2021-05-16T01:53:19Z,1,7
84,Empleado_84,2022-08-08T14:02:27Z,10,14
85,Empleado_85,2022-01-24T16:55:19Z,8,10
86,Empleado_86,2020-06-25T07:50:54Z,10,3
87,Empleado_87,2022-02-14T09:46:30Z,4,11
88,Empleado_88,2021-11-04T13:29:03Z,3,1
89,Empleado_89,2020-07-29T04:27:59Z,2,6
90,Empleado_90,2022-09-05T16:30:37Z,1,15
91,Empleado_91,2022-02-27T08:07:14Z,1,8
92,Empleado_92,2020-07-26T20:23:53Z,7,5
93,Empleado_93,2021-09-27T16:49:33Z,8,14
94,Empleado_94,2020-05-23T07:39:55Z,10,2
95,Empleado_95,2022-03-04T10:05:49Z,1,8
96,Empleado_96,2022-07-21T18:20:21Z,9,2
97,Empleado_97,2021-04-22T09:10:02Z,10,6
98,Empleado_98,2021-09-28T13:40:43Z,6,1
99,Empleado_99,2020-12-20T11:20:41Z,5,9
100,Empleado_100,2021-06-10T21:16:29Z,10,5
101,Empleado_101,2021-11-10T19:04:12Z,1,3
102,Empleado_102,2021-05-06T02:30:04Z,4,12
103,Empleado_103,2022-08-05T20:00:04Z,9,7
104,Empleado_104,2021-11-24T00:48:05Z,4,13
105,Empleado_105,2020-06-23T09:38:29Z,7,15
106,Empleado_106,2021-02-01T04:14:30Z,2,3
107,Empleado_107,2021-05-07T15:41:44Z,2,10
108,Empleado_108,2021-04-27T22:32:53Z,5,12
109,Empleado_109,2020-09-30T12:56:58Z,5,10
110,Empleado_110,2021-07-01T20:35:35Z,2,1
111,Empleado_111,2021-01-03T11:45:17Z,8,11
112,Empleado_112,2020-08-21T21:06:44Z,7,9
113,Empleado_113,2022-03-04T07:27:20Z,6,14
114,Empleado_114,2020-06-10T19:22:13Z,6,1
115,Empleado_115,2022-01-24T18:18:23Z,6,5
116,Empleado_116,2021-12-11T04:59:44Z,8,12
117,Empleado_117,2020-10-28T06:08:24Z,6,9
118,Empleado_118,2021-08-08T03:48:13Z,10,1
119,Empleado_119,2021-04-27T05:17:49Z,9,12
120,Empleado_120,2020-10-20T19:55:07Z,5,13
121,Empleado_121,2021-05-12T02:31:49Z,10,4
122,Empleado_122,2020-05-05T12:00:20Z,1,6
123,Empleado_123,2022-09-15T16:28:00Z,10,6
124,Empleado_124,2021-07-01T00:45:50Z,8,7
125,Empleado_125,2022-02-04T04:36:16Z,6,11
126,Empleado_126,2021-07-20T12:09:10Z,5,14
127,Empleado_127,2020-05-17T10:41:33Z,6,8
128,Empleado_128,2020-09-19T16:29:03Z,8,7
129,Empleado_129,2021-01-12T21:20:18Z,7,8
130,Empleado_130,2021-10-22T19:32:21Z,9,7
131,Empleado_131,2020-06-06T07:06:31Z,3,11
132,Empleado_132,2022-08-21T17:19:43Z,8,10
133,Empleado_133,2020-12-14T19:13:25Z,9,6
134,Empleado_134,2021-10-14T13:03:09Z,10,9
135,Empleado_135,2020-09-15T04:19:34Z,4,7
136,Empleado_136,2020-02-20T02:24:23Z,9,8
137,Empleado_137,2020-05-17T13:23:18Z,4,4
138,Empleado_138,2020-02-28T11:25:51Z,10,10
139,Empleado_139,2020-09-26T16:32:04Z,9,12
140,Empleado_140,2021-05-14T17:29:17Z,10,9
141,Empleado_141,2021-01-28T05:07:12Z,3,12
142,Empleado_142,2021-11-20T14:52:02Z,9,6
143,Empleado_143,2021-05-05T00:33:23Z,10,1
144,Empleado_144,2021-05-10T06:02:36Z,3,11
145,Empleado_145,2021-06-10T22:17:59Z,8,6
146,Empleado_146,2020-05-30T13:00:02Z,5,10
147,Empleado_147,2022-08-05T01:57:33Z,7,9
148,Empleado_148,2021-04-13T05:49:55Z,1,9
149,Empleado_149,2021-11-30T09:43:04Z,4,15
150,Empleado_150,2021-03-30T16:38:07Z,2,9
151,Empleado_151,2021-12-03T16:04:13Z,1,9
152,Empleado_152,2022-08-09T11:14:37Z,6,3
153,Empleado_153,2020-04-03T14:49:57Z,6,7
154,Empleado_154,2020-03-14T16:31:43Z,10,13
155,Empleado_155,2020-06-06T13:27:29Z,1,4
156,Empleado_156,2021-10-05T16:33:51Z,1,9
157,Empleado_157,2020-12-31T19:33:29Z,6,1
158,Empleado_158,2021-03-15T22:04:09Z,7,3
159,Empleado_159,2022-05-09T11:51:34Z,4,8
160,Empleado_160,2020-05-06T20:25:08Z,4,15
161,Empleado_161,2021-03-01T06:35:42Z,2,15
162,Empleado_162,2021-12-21T07:05:55Z,3,2
163,Empleado_163,2020-06-07T21:22:00Z,1,13
164,Empleado_164,2021-01-12T07:31:01Z,7,2
165,Empleado_165,2021-07-07T06:51:49Z,2,6
166,Empleado_166,2020-03-17T05:34:24Z,10,12
167,Empleado_167,2020-10-14T21:47:50Z,3,10
168,Empleado_168,2020-10-28T23:23:00Z,6,2
169,Empleado_169,2022-03-23T09:11:29Z,10,8
170,Empleado_170,2020-02-01T16:49:39Z,1,13
171,Empleado_171,2021-11-25T15:28:03Z,3,11
172,Empleado_172,2020-01-22T03:19:28Z,7,6
173,Empleado_173,2020-10-04T06:59:51Z,10,9
174,Empleado_174,2020-10-09T04:39:39Z,2,14
175,Empleado_175,2022-06-10T02:31:57Z,9,1
176,Empleado_176,2022-05-22T04:47:31Z,5,9
177,Empleado_177,2022-03-19T06:36:50Z,5,1
178,Empleado_178,2020-06-09T13:47:36Z,5,7
179,Empleado_179,2021-04-09T00:16:30Z,6,8
180,Empleado_180,2022-08-01T01:31:13Z,9,3
181,Empleado_181,2021-02-18T03:17:26Z,10,3
182,Empleado_182,2021-10-02T15:20:21Z,3,2
183,Empleado_183,2022-03-02T14:45:26Z,8,13
184,Empleado_184,2022-08-13T10:13:55Z,5,1
185,Empleado_185,2020-06-26T22:12:42Z,7,9
186,Empleado_186,2020-05-17T11:33:50Z,8,10
187,Empleado_187,2022-07-25T16:52:36Z,10,7
188,Empleado_188,2020-03-28T20:17:25Z,9,15
189,Empleado_189,2022-08-23T17:16:08Z,7,5
190,Empleado_190,2022-08-02T17:49:18Z,2,3
191,Empleado_191,2022-09-02T22:22:54Z,2,3
192,Empleado_192,2020-01-04T22:40:50Z,7,15
193,Empleado_193,2021-06-05T01:42:22Z,7,3
194,Empleado_194,2022-03-28T13:37:43Z,10,10
195,Empleado_195,2021-08-12T05:59:02Z,3,11
196,Empleado_196,2020-05-15T16:47:40Z,2,4
197,Empleado_197,2020-08-15T11:43:13Z,7,4
198,Empleado_198,2021-11-06T15:12:02Z,2,14
199,Empleado_199,2021-08-11T18:37:01Z,3,4
200,Empleado_200,2021-05-31T23:30:33Z,9,9
201,Empleado_201,2020-10-08T06:29:45Z,4,2
202,Empleado_202,2020-01-14T10:29:42Z,8,5
203,Empleado_203,2022-03-30T09:13:17Z,10,14
204,Empleado_204,2020-05-06T12:09:39Z,5,11
205,Empleado_205,2020-07-25T22:54:10Z,5,13
206,Empleado_206,2020-03-23T19:46:07Z,3,13
207,Empleado_207,2022-01-31T21:47:38Z,2,2
208,Empleado_208,2021-08-04T14:21:42Z,7,10
209,Empleado_209,2020-10-18T21:40:14Z,6,10
210,Empleado_210,2021-09-25T13:13:57Z,5,9
211,Empleado_211,2022-05-06T07:38:42Z,5,4
212,Empleado_212,2020-08-28T21:29:58Z,6,11
213,Empleado_213,2022-08-25T18:49:49Z,10,13
214,Empleado_214,2022-05-28T23:31:01Z,9,8
215,Empleado_215,2020-10-09T23:10:15Z,9,14
216,Empleado_216,2022-03-26T23:40:19Z,6,6
217,Empleado_217,2022-05-31T14:42:11Z,10,8
218,Empleado_218,2021-08-20T10:39:21Z,1,3
219,Empleado_219,2022-03-11T14:10:56Z,2,10
220,Empleado_220,2021-09-12T06:25:16Z,6,9
221,Empleado_221,2020-05-23T09:40:51Z,1,8
222,Empleado_222,2021-02-25T01:13:58Z,10,13
223,Empleado_223,2022-05-29T23:40:52Z,2,5
224,Empleado_224,2020-02-04T20:21:13Z,2,5
225,Empleado_225,2020-10-29T08:35:20Z,2,4
226,Empleado_226,2021-04-17T20:47:16Z,2,1
227,Empleado_227,2021-04-18T21:39:46Z,4,5
228,Empleado_228,2021-06-22T13:40:39Z,1,7
229,Empleado_229,2022-07-12T15:22:00Z,3,15
230,Empleado_230,2020-06-15T22:01:22Z,4,4
231,Empleado_231,2020-04-06T04:23:39Z,5,10
232,Empleado_232,2021-04-06T22:36:09Z,6,13
233,Empleado_233,2020-09-15T09:49:42Z,1,15
234,Empleado_234,2022-09-10T18:35:33Z,3,1
235,Empleado_235,2020-08-25T03:57:16Z,2,10
236,Empleado_236,2021-05-04T15:09:50Z,6,9
237,Empleado_237,2022-05-29T14:07:31Z,9,14
238,Empleado_238,2020-04-11T06:23:40Z,5,14
239,Empleado_239,2021-09-27T21:42:16Z,4,5
240,Empleado_240,2020-05-01T23:14:58Z,10,15
241,Empleado_241,2020-09-04T01:08:41Z,10,12
242,Empleado_242,2022-08-28T20:11:39Z,6,12
243,Empleado_243,2020-04-30T06:01:50Z,9,12
244,Empleado_244,2022-07-05T19:32:33Z,1,6
245,Empleado_245,2021-04-06T11:38:56Z,8,13
246,Empleado_246,2020-05-21T23:52:55Z,1,11
247,Empleado_247,2020-04-15T19:34:37Z,3,15
248,Empleado_248,2021-05-26T11:27:59Z,7,12
249,Empleado_249,2021-03-22T20:10:44Z,10,3
250,Empleado_250,2022-07-23T20:23:07Z,7,15
251,Empleado_251,2022-03-02T14:54:23Z,5,1
252,Empleado_252,2020-05-30T04:37:57Z,4,6
253,Empleado_253,2020-12-01T04:14:03Z,9,5
254,Empleado_254,2020-08-22T12:53:24Z,3,14
255,Empleado_255,2020-04-28T12:11:47Z,9,13
256,Empleado_256,2022-05-01T07:02:28Z,3,7
257,Empleado_257,2021-10-07T03:24:59Z,6,3
258,Empleado_258,2022-06-23T07:26:19Z,7,6
259,Empleado_259,2022-05-06T03:41:13Z,7,13
260,Empleado_260,2022-04-09T03:24:09Z,1,15
261,Empleado_261,2020-12-25T02:52:16Z,5,2
262,Empleado_262,2020-07-15T22:08:58Z,4,11
263,Empleado_263,2022-05-13T09:17:17Z,8,12
264,Empleado_264,2021-04-23T14:31:16Z,4,15
265,Empleado_265,2020-03-22T03:51:49Z,4,11
266,Empleado_266,2021-03-02T16:12:56Z,1,14
267,Empleado_267,2021-02-08T06:16:06Z,8,6
268,Empleado_268,2021-06-07T16:04:03Z,4,11
269,Empleado_269,2020-02-01T17:27:47Z,9,6
270,Empleado_270,2022-07-07T12:31:09Z,10,7
271,Empleado_271,2020-09-23T01:01:47Z,2,8
272,Empleado_272,2021-08-25T17:40:04Z,2,6
273,Empleado_273,2021-06-21T13:24:01Z,3,11
274,Empleado_274,2021-08-24T13:02:29Z,10,11
275,Empleado_275,2020-04-20T09:08:06Z,8,6
276,Empleado_276,2020-02-14T05:52:18Z,1,9
277,Empleado_277,2020-05-27T15:29:42Z,2,10
278,Empleado_278,2020-03-24T23:01:04Z,6,2
279,Empleado_279,2020-10-16T08:15:01Z,1,12
280,Empleado_280,2020-10-13T20:11:01Z,9,4
281,Empleado_281,2021-11-16T11:41:13Z,7,3
282,Empleado_282,2020-08-13T21:17:36Z,6,8
283,Empleado_283,2021-07-16T23:25:54Z,7,14
284,Empleado_284,2022-04-22T03:26:42Z,4,14
285,Empleado_285,2021-03-19T16:05:36Z,6,12
286,Empleado_286,2021-05-13T06:42:52Z,1,1
287,Empleado_287,2021-04-07T05:44:24Z,3,7
288,Empleado_288,2021-01-03T15:24:25Z,5,6
289,Empleado_289,2022-07-28T06:40:32Z,5,3
290,Empleado_290,2020-07-10T16:00:53Z,5,1
291,Empleado_291,2020-12-29T22:11:33Z,9,2
292,Empleado_292,2022-07-30T15:50:16Z,7,9
293,Empleado_293,2021-05-03T22:38:17Z,2,13
294,Empleado_294,2021-09-19T21:10:03Z,4,12
295,Empleado_295,2021-02-27T10:19:00Z,2,11
296,Empleado_296,2021-07-12T23:50:11Z,4,13
297,Empleado_297,2020-02-27T08:20:07Z,10,1
298,Empleado_298,2022-05-21T04:51:24Z,5,2
299,Empleado_299,2020-06-29T10:39:26Z,2,13
300,Empleado_300,2022-07-13T05:25:37Z,3,9
301,Empleado_301,2020-01-10T20:38:17Z,8,5
302,Empleado_302,2022-06-18T14:19:59Z,7,4
303,Empleado_303,2021-04-16T03:04:48Z,9,7
304,Empleado_304,2020-12-14T20:02:21Z,1,7
305,Empleado_305,2021-10-19T22:06:04Z,4,9
306,Empleado_306,2021-06-08T11:42:36Z,6,15
307,Empleado_307,2021-11-13T08:00:21Z,9,9
308,Empleado_308,2022-09-07T07:42:47Z,3,15
309,Empleado_309,2022-04-17T21:38:03Z,2,15
310,Empleado_310,2020-03-19T22:49:19Z,6,10
311,Empleado_311,2022-03-10T00:01:57Z,8,2
312,Empleado_312,2022-08-10T20:14:10Z,6,1
313,Empleado_313,2020-06-30T13:30:42Z,4,4
314,Empleado_314,2022-02-20T10:08:46Z,7,8
315,Empleado_315,2022-07-12T18:50:06Z,5,7
316,Empleado_316,2021-08-09T14:03:32Z,7,8
317,Empleado_317,2022-04-28T03:16:25Z,8,12
318,Empleado_318,2022-05-26T20:47:01Z,5,1
319,Empleado_319,2020-12-21T13:48:56Z,8,1
320,Empleado_320,2022-09-20T03:19:16Z,3,12
321,Empleado_321,2021-04-22T02:28:48Z,2,14
322,Empleado_322,2020-07-17T22:42:40Z,7,5
323,Empleado_323,2022-04-06T09:27:27Z,1,15
324,Empleado_324,2022-03-02T22:40:04Z,10,5
325,Empleado_325,2020-08-07T23:31:39Z,3,6
326,Empleado_326,2020-09-30T16:28:13Z,5,9
327,Empleado_327,2021-07-16T17:05:16Z,5,3
328,Empleado_328,2021-01-05T04:52:49Z,8,14
329,Empleado_329,2022-09-01T14:30:42Z,2,4
330,Empleado_330,2020-08-23T10:04:06Z,9,12
331,Empleado_331,2020-12-26T23:24:55Z,6,1
332,Empleado_332,2020-11-13T08:50:05Z,1,5
333,Empleado_333,2020-04-24T20:05:25Z,1,13
334,Empleado_334,2020-09-13T20:07:14Z,5,8
335,Empleado_335,2020-02-10T18:45:24Z,8,13
336,Empleado_336,2021-05-26T19:47:46Z,5,11
337,Empleado_337,2022-09-15T09:19:29Z,8,14
338,Empleado_338,2020-01-26T10:00:49Z,7,1
339,Empleado_339,2020-07-08T08:04:31Z,9,12
340,Empleado_340,2022-03-15T03:14:21Z,6,15
341,Empleado_341,2022-07-03T10:34:45Z,9,8
342,Empleado_342,2021-04-21T08:39:26Z,6,6
343,Empleado_343,2021-03-16T05:50:01Z,3,1
344,Empleado_344,2020-10-19T17:17:35Z,9,7
345,Empleado_345,2021-04-23T16:51:46Z,1,15
346,Empleado_346,2022-07-29T17:57:46Z,1,1
347,Empleado_347,2021-12-21T22:18:29Z,9,15
348,Empleado_348,2022-08-12T08:09:43Z,3,10
349,Empleado_349,2022-06-14T14:55:39Z,8,10
350,Empleado_350,2022-02-27T16:29:50Z,10,8
351,Empleado_351,2020-06-11T19:31:31Z,5,15
352,Empleado_352,2021-08-10T03:32:08Z,8,7
353,Empleado_353,2020-07-23T13:44:28Z,2,7
354,Empleado_354,2020-06-30T11:24:32Z,7,6
355,Empleado_355,2020-10-25T05:10:17Z,7,10
356,Empleado_356,2021-12-29T05:43:42Z,5,3
357,Empleado_357,2020-09-30T19:16:40Z,8,12
358,Empleado_358,2022-07-25T09:58:18Z,1,8
359,Empleado_359,2020-09-02T04:28:54Z,5,6
360,Empleado_360,2021-04-23T12:53:53Z,5,4
361,Empleado_361,2020-08-27T17:04:53Z,4,12
362,Empleado_362,2022-07-17T04:05:20Z,1,10
363,Empleado_363,2021-10-06T05:25:44Z,10,1
364,Empleado_364,2022-08-12T14:31:38Z,2,6
365,Empleado_365,2021-03-27T03:54:47Z,5,9
366,Empleado_366,2020-08-25T10:55:12Z,7,3
367,Empleado_367,2021-05-16T12:58:14Z,6,12
368,Empleado_368,2022-06-05T11:29:19Z,10,1
369,Empleado_369,2022-09-20T06:35:03Z,8,6
370,Empleado_370,2021-09-02T02:49:01Z,5,5
371,Empleado_371,2022-07-22T13:15:17Z,9,7
372,Empleado_372,2020-09-29T14:36:12Z,2,8
373,Empleado_373,2020-08-28T01:56:52Z,3,8
374,Empleado_374,2021-04-17T08:26:33Z,7,10
375,Empleado_375,2021-07-20T23:20:51Z,6,13
376,Empleado_376,2020-05-22T11:01:32Z,5,15
377,Empleado_377,2021-09-27T11:49:13Z,5,5
378,Empleado_378,2020-08-29T14:07:27Z,5,8
379,Empleado_379,2021-09-26T19:59:24Z,3,9
380,Empleado_380,2020-09-16T02:04:45Z,6,15
381,Empleado_381,2021-12-09T21:29:12Z,7,9
382,Empleado_382,2020-12-07T18:51:33Z,5,5
383,Empleado_383,2021-02-15T18:38:14Z,3,4
384,Empleado_384,2022-08-04T05:22:46Z,1,5
385,Empleado_385,2020-11-17T02:25:56Z,10,6
386,Empleado_386,2020-12-13T05:53:55Z,7,15
387,Empleado_387,2021-09-12T03:30:04Z,3,3
388,Empleado_388,2021-10-30T01:26:35Z,8,8
389,Empleado_389,2020-11-13T15:11:12Z,4,5
390,Empleado_390,2020-12-05T18:37:35Z,6,7
391,Empleado_391,2022-03-18T17:22:27Z,1,3
392,Empleado_392,2020-06-24T12:39:03Z,5,11
393,Empleado_393,2020-01-31T03:32:03Z,1,12
394,Empleado_394,2020-08-09T16:06:02Z,6,14
395,Empleado_395,2020-09-25T09:25:25Z,10,3
396,Empleado_396,2022-02-19T17:47:06Z,4,3
397,Empleado_397,2020-08-06T00:17:58Z,4,15
398,Empleado_398,2021-02-05T18:05:47Z,4,1
399,Empleado_399,2021-03-21T17:29:50Z,1,1
400,Empleado_400,2021-05-14T07:00:23Z,8,2
401,Empleado_401,2021-04-21T17:38:22Z,6,7
402,Empleado_402,2021-08-20T23:35:30Z,3,8
403,Empleado_403,2020-02-03T14:02:17Z,6,5
404,Empleado_404,2020-07-16T08:05:51Z,2,6
405,Empleado_405,2020-03-05T13:33:11Z,2,14
406,Empleado_406,2020-09-07T13:19:18Z,5,11
407,Empleado_407,2021-10-11T14:08:53Z,9,1
408,Empleado_408,2021-11-17T23:10:23Z,8,2
409,Empleado_409,2020-08-11T23:48:10Z,8,14
410,Empleado_410,2022-09-20T05:46:11Z,1,2
411,Empleado_411,2020-06-30T03:42:33Z,8,3
412,Empleado_412,2020-04-24T10:14:27Z,1,2
413,Empleado_413,2021-08-09T21:09:38Z,1,1
414,Empleado_414,2022-04-12T03:54:12Z,5,7
415,Empleado_415,2021-12-06T16:51:42Z,3,11
416,Empleado_416,2021-09-30T17:47:39Z,2,13
417,Empleado_417,2021-09-08T19:03:21Z,5,8
418,Empleado_418,2022-07-18T15:21:28Z,8,10
419,Empleado_419,2021-12-24T06:58:07Z,4,15
420,Empleado_420,2021-10-13T01:02:38Z,5,5
421,Empleado_421,2020-07-22T23:09:06Z,7,10
422,Empleado_422,2020-03-18T14:20:07Z,5,2
423,Empleado_423,2022-08-18T12:17:07Z,8,9
424,Empleado_424,2021-04-03T11:10:30Z,7,2
425,Empleado_425,2021-04-09T12:47:38Z,9,7
426,Empleado_426,2021-08-12T01:28:49Z,5,9
427,Empleado_427,2022-03-05T09:53:46Z,6,3
428,Empleado_428,2021-05-07T05:25:41Z,1,1
429,Empleado_429,2021-10-14T03:42:47Z,2,15
430,Empleado_430,2021-02-17T19:08:07Z,7,11
431,Empleado_431,2022-07-09T07:43:51Z,9,9
432,Empleado_432,2020-12-20T02:00:33Z,3,8
433,Empleado_433,2022-02-06T09:06:06Z,7,15
434,Empleado_434,2021-11-23T02:49:11Z,4,11
435,Empleado_435,2022-01-26T08:28:31Z,5,8
436,Empleado_436,2022-02-22T10:03:43Z,3,1
437,Empleado_437,2021-07-04T14:10:27Z,4,4
438,Empleado_438,2021-10-14T03:41:29Z,3,14
439,Empleado_439,2020-06-09T23:52:15Z,9,14
440,Empleado_440,2021-07-16T18:39:00Z,8,15
441,Empleado_441,2021-03-19T20:27:15Z,9,11
442,Empleado_442,2021-03-21T18:48:44Z,7,12
443,Empleado_443,2022-03-07T15:05:53Z,1,10
444,Empleado_444,2021-07-28T19:55:55Z,2,7
445,Empleado_445,2020-01-10T16:15:12Z,10,10
446,Empleado_446,2020-03-06T18:53:21Z,10,14
447,Empleado_447,2021-06-22T17:21:59Z,1,13
448,Empleado_448,2020-07-13T09:38:42Z,8,2
449,Empleado_449,2020-11-18T21:25:27Z,9,8
450,Empleado_450,2020-02-25T08:50:23Z,8,6
451,Empleado_451,2020-01-24T09:28:02Z,3,7
452,Empleado_452,2021-10-16T04:17:12Z,3,9
453,Empleado_453,2020-01-08T11:33:40Z,7,13
454,Empleado_454,2021-10-23T14:26:59Z,10,8
455,Empleado_455,2022-08-30T17:43:04Z,5,7
456,Empleado_456,2021-02-28T21:56:16Z,8,4
457,Empleado_457,2021-12-01T16:25:54Z,2,4
458,Empleado_458,2022-04-17T17:24:36Z,1,7
459,Empleado_459,2020-10-04T09:19:29Z,10,15
460,Empleado_460,2021-07-26T01:16:23Z,9,1
461,Empleado_461,2021-11-24T14:34:29Z,5,1
462,Empleado_462,2021-06-15T19:32:43Z,9,4
463,Empleado_463,2021-09-24T22:01:14Z,4,9
464,Empleado_464,2021-07-27T09:26:55Z,3,2
465,Empleado_465,2020-01-08T21:55:31Z,5,1
466,Empleado_466,2021-02-04T21:07:31Z,5,9
467,Empleado_467,2021-04-08T20:43:28Z,3,15
468,Empleado_468,2021-11-14T13:47:24Z,7,13
469,Empleado_469,2022-05-25T11:58:17Z,7,7
470,Empleado_470,2020-04-11T01:57:30Z,7,11
471,Empleado_471,2020-12-16T23:10:45Z,7,9
472,Empleado_472,2020-01-07T04:05:11Z,1,14
473,Empleado_473,2021-02-05T09:58:25Z,7,15
474,Empleado_474,2022-09-26T06:24:14Z,2,7
475,Empleado_475,2021-05-04T19:48:21Z,10,4
476,Empleado_476,2020-12-30T06:56:20Z,2,6
477,Empleado_477,2020-07-16T14:19:27Z,4,6
478,Empleado_478,2020-02-22T02:52:54Z,6,4
479,Empleado_479,2020-06-19T21:56:10Z,6,3
480,Empleado_480,2021-06-06T07:49:30Z,9,9
481,Empleado_481,2021-05-07T05:26:09Z,3,8
482,Empleado_482,2021-08-21T20:55:17Z,4,9
483,Empleado_483,2021-06-16T14:38:02Z,5,14
484,Empleado_484,2020-03-06T22:31:47Z,3,10
485,Empleado_485,2020-12-25T07:47:10Z,10,15
486,Empleado_486,2020-01-20T07:23:03Z,8,9
487,Empleado_487,2022-03-04T05:24:01Z,9,5
488,Empleado_488,2020-01-11T20:25:32Z,10,3
489,Empleado_489,2022-04-26T20:28:10Z,5,9
490,Empleado_490,2021-10-05T01:44:33Z,9,1
491,Empleado_491,2021-10-08T10:16:43Z,9,2
492,Empleado_492,2020-04-23T03:25:34Z,4,14
493,Empleado_493,2022-05-02T01:38:16Z,3,10
494,Empleado_494,2022-03-02T02:43:25Z,10,11
495,Empleado_495,2020-11-29T06:51:07Z,10,13
496,Empleado_496,2020-01-03T14:38:58Z,9,11
497,Empleado_497,2020-02-18T02:50:33Z,8,8
498,Empleado_498,2020-02-20T21:46:56Z,3,15
499,Empleado_499,2020-05-30T06:08:32Z,9,8
500,Empleado_500,2020-01-15T13:41:26Z,1,8
501,Empleado_501,2021-10-20T23:59:35Z,6,10
502,Empleado_502,2020-10-06T01:40:10Z,3,12
503,Empleado_503,2020-09-07T22:16:27Z,6,3
504,Empleado_504,2020-07-26T04:50:33Z,8,8
505,Empleado_505,2022-02-06T15:29:15Z,10,11
506,Empleado_506,2022-02-28T15:47:55Z,9,8
507,Empleado_507,2021-06-27T04:28:34Z,2,15
508,Empleado_508,2021-01-24T19:14:35Z,1,6
509,Empleado_509,2022-05-20T11:37:18Z,3,5
510,Empleado_510,2020-08-16T21:40:18Z,7,14
511,Empleado_511,2020-05-11T04:26:52Z,9,3
512,Empleado_512,2020-07-13T18:40:27Z,9,11
513,Empleado_513,2022-01-11T02:45:04Z,5,8
514,Empleado_514,2021-07-29T09:58:09Z,7,5
515,Empleado_515,2021-11-22T00:57:34Z,7,1
516,Empleado_516,2021-04-09T03:29:00Z,1,12
517,Empleado_517,2020-04-22T19:38:10Z,1,4
518,Empleado_518,2020-04-13T15:10:07Z,7,10
519,Empleado_519,2020-09-06T06:52:26Z,2,4
520,Empleado_520,2020-08-14T05:47:33Z,2,14
521,Empleado_521,2020-11-24T13:34:45Z,5,8
522,Empleado_522,2021-04-22T05:40:30Z,9,2
523,Empleado_523,2021-10-12T09:20:58Z,2,12
524,Empleado_524,2020-05-13T12:46:57Z,9,4
525,Empleado_525,2022-03-06T05:58:58Z,6,10
526,Empleado_526,2022-08-19T15:06:58Z,1,15
527,Empleado_527,2021-11-23T23:45:29Z,4,10
528,Empleado_528,2020-01-01T18:58:53Z,1,11
529,Empleado_529,2021-07-11T21:23:56Z,3,9
530,Empleado_530,2020-05-16T09:52:32Z,7,12
531,Empleado_531,2022-03-17T17:34:42Z,1,11
532,Empleado_532,2022-01-03T15:02:01Z,6,7
533,Empleado_533,2022-05-13T06:14:28Z,3,11
534,Empleado_534,2020-01-08T14:22:56Z,6,13
535,Empleado_535,2020-12-22T09:20:45Z,1,4
536,Empleado_536,2020-05-12T02:33:14Z,6,1
537,Empleado_537,2021-07-17T17:00:52Z,2,13
538,Empleado_538,2021-12-19T21:20:32Z,8,14
539,Empleado_539,2021-04-04T15:36:27Z,9,7
540,Empleado_540,2020-07-06T06:50:23Z,4,6
541,Empleado_541,2021-08-18T21:51:11Z,1,4
542,Empleado_542,2020-05-09T10:56:28Z,6,12
543,Empleado_543,2021-07-18T13:17:05Z,10,7
544,Empleado_544,2022-05-04T16:56:19Z,4,14
545,Empleado_545,2022-06-13T01:22:34Z,8,14
546,Empleado_546,2022-04-11T09:45:30Z,1,6
547,Empleado_547,2021-03-02T10:48:37Z,6,4
548,Empleado_548,2021-05-19T15:12:39Z,10,1
549,Empleado_549,2022-01-17T00:54:40Z,4,14
550,Empleado_550,2021-08-06T17:27:31Z,9,8
551,Empleado_551,2021-10-31T21:40:40Z,4,15
552,Empleado_552,2021-06-09T11:11:13Z,5,2
553,Empleado_553,2021-08-15T13:17:16Z,8,8
554,Empleado_554,2021-01-27T11:57:11Z,2,14
555,Empleado_555,2021-09-15T00:40:24Z,8,8
556,Empleado_556,2020-11-20T20:43:41Z,2,5
557,Empleado_557,2021-10-09T14:44:13Z,1,4
558,Empleado_558,2020-03-07T23:17:43Z,7,1
559,Empleado_559,2022-04-25T11:38:56Z,4,1
560,Empleado_560,2021-07-17T05:45:13Z,9,8
561,Empleado_561,2021-11-20T19:48:02Z,1,2
562,Empleado_562,2020-10-28T05:49:26Z,5,13
563,Empleado_563,2021-05-13T19:13:17Z,1,11
564,Empleado_564,2020-01-02T12:07:12Z,6,15
565,Empleado_565,2021-12-13T00:56:14Z,9,7
566,Empleado_566,2020-08-17T18:51:26Z,10,14
567,Empleado_567,2021-08-24T06:03:06Z,5,10
568,Empleado_568,2022-06-29T09:04:02Z,10,9
569,Empleado_569,2020-05-08T06:16:44Z,4,13
570,Empleado_570,2020-02-28T07:00:18Z,10,10
571,Empleado_571,2021-04-22T17:02:58Z,2,10
572,Empleado_572,2020-05-16T07:37:56Z,10,2
573,Empleado_573,2021-08-15T14:55:54Z,1,11
574,Empleado_574,2022-04-06T04:57:35Z,4,6
575,Empleado_575,2021-10-13T19:31:13Z,6,6
576,Empleado_576,2021-10-12T02:48:39Z,3,10
577,Empleado_577,2021-08-31T18:08:19Z,5,6
578,Empleado_578,2021-05-10T05:02:46Z,10,13
579,Empleado_579,2022-01-02T15:12:08Z,7,13
580,Empleado_580,2021-03-22T19:29:30Z,5,9
581,Empleado_581,2021-09-17T04:10:58Z,2,2
582,Empleado_582,2021-01-25T22:20:20Z,5,10
583,Empleado_583,2021-03-10T05:17:42Z,6,7
584,Empleado_584,2020-09-24T02:58:29Z,10,15
585,Empleado_585,2020-05-18T17:02:33Z,10,15
586,Empleado_586,2022-08-31T20:03:04Z,7,5
587,Empleado_587,2022-04-06T06:36:39Z,7,14
588,Empleado_588,2022-08-23T15:41:53Z,5,1
589,Empleado_589,2021-12-09T17:24:52Z,3,5
590,Empleado_590,2021-10-02T22:04:00Z,8,10
591,Empleado_591,2021-03-27T11:28:12Z,3,7
592,Empleado_592,2020-04-25T20:34:01Z,7,11
593,Empleado_593,2020-05-16T15:43:57Z,1,13
594,Empleado_594,2022-03-07T07:49:22Z,1,8
595,Empleado_595,2020-08-19T22:03:23Z,3,2
596,Empleado_596,2022-05-11T08:17:03Z,3,1
597,Empleado_597,2020-11-05T06:59:00Z,10,2
598,Empleado_598,2020-01-12T15:10:33Z,2,13
599,Empleado_599,2021-10-14T01:39:45Z,3,10
600,Empleado_600,2021-08-17T20:21:39Z,1,4
601,Empleado_601,2020-07-28T12:49:20Z,7,13
602,Empleado_602,2021-02-25T07:26:45Z,7,10
603,Empleado_603,2020-07-21T04:38:08Z,8,6
604,Empleado_604,2020-12-06T05:55:30Z,7,3
605,Empleado_605,2022-09-13T03:13:20Z,9,11
606,Empleado_606,2022-03-14T11:40:20Z,3,3
607,Empleado_607,2021-01-01T03:16:05Z,2,12
608,Empleado_608,2020-09-24T14:22:51Z,10,4
609,Empleado_609,2020-05-07T08:04:36Z,1,12
610,Empleado_610,2021-04-01T01:13:59Z,8,3
611,Empleado_611,2021-09-26T15:18:35Z,2,12
612,Empleado_612,2021-08-13T06:28:38Z,8,4
613,Empleado_613,2020-07-09T02:44:52Z,7,1
614,Empleado_614,2020-08-26T08:58:50Z,6,3
615,Empleado_615,2020-09-28T12:44:49Z,8,12
616,Empleado_616,2022-01-21T16:57:15Z,7,12
617,Empleado_617,2020-10-20T17:16:41Z,9,11
618,Empleado_618,2020-09-12T05:10:25Z,3,5
619,Empleado_619,2020-08-15T02:41:25Z,2,13
620,Empleado_620,2022-01-13T10:42:57Z,9,2
621,Empleado_621,2020-04-11T18:21:39Z,7,12
622,Empleado_622,2022-05-08T21:33:46Z,5,7
623,Empleado_623,2021-03-06T06:32:06Z,6,2
624,Empleado_624,2022-01-18T04:34:26Z,6,4
625,Empleado_625,2021-05-16T09:00:47Z,8,10
626,Empleado_626,2022-01-04T01:05:30Z,8,13
627,Empleado_627,2021-04-03T12:30:08Z,10,4
628,Empleado_628,2021-05-01T06:19:17Z,3,11
629,Empleado_629,2020-11-24T15:20:57Z,8,6
630,Empleado_630,2021-06-02T10:32:30Z,3,1
631,Empleado_631,2022-07-29T03:21:26Z,3,15
632,Empleado_632,2022-01-10T19:27:55Z,2,9
633,Empleado_633,2020-06-26T04:42:46Z,7,1
634,Empleado_634,2020-12-17T18:04:56Z,7,6
635,Empleado_635,2022-06-17T12:07:50Z,5,14
636,Empleado_636,2020-05-11T19:48:23Z,2,12
637,Empleado_637,2020-10-21T23:21:28Z,7,15
638,Empleado_638,2021-07-06T06:51:36Z,7,13
639,Empleado_639,2022-05-03T19:39:18Z,3,12
640,Empleado_640,2021-10-14T16:54:39Z,2,8
641,Empleado_641,2022-01-12T10:01:49Z,3,2
642,Empleado_642,2022-04-24T06:44:33Z,2,13
643,Empleado_643,2020-10-19T20:39:19Z,3,15
644,Empleado_644,2021-10-28T21:20:17Z,1,4
645,Empleado_645,2020-04-14T13:34:59Z,3,9
646,Empleado_646,2022-01-15T12:13:43Z,8,15
647,Empleado_647,2022-04-12T08:06:52Z,5,2
648,Empleado_648,2022-07-04T19:43:23Z,4,1
649,Empleado_649,2022-01-08T06:38:02Z,6,14
650,Empleado_650,2021-03-26T02:16:15Z,3,15
651,Empleado_651,2022-03-13T15:42:28Z,1,4
652,Empleado_652,2022-05-15T15:19:49Z,9,12
653,Empleado_653,2020-04-20T19:15:43Z,4,5
654,Empleado_654,2021-09-23T00:37:25Z,2,1
655,Empleado_655,2020-10-24T19:56:48Z,9,7
656,Empleado_656,2021-02-12T11:00:56Z,7,7
657,Empleado_657,2021-12-20T15:43:50Z,7,1
658,Empleado_658,2022-09-05T23:28:54Z,2,2
659,Empleado_659,2020-03-10T02:08:07Z,1,8
660,Empleado_660,2020-06-13T01:18:06Z,1,8
661,Empleado_661,2021-12-31T21:56:50Z,10,11
662,Empleado_662,2022-07-20T16:45:07Z,9,14
663,Empleado_663,2020-04-26T05:59:45Z,1,1
664,Empleado_664,2021-09-11T00:00:45Z,8,4
665,Empleado_665,2022-04-22T23:50:44Z,2,15
666,Empleado_666,2021-08-15T21:41:10Z,4,4
667,Empleado_667,2022-04-26T21:43:05Z,7,1
668,Empleado_668,2020-06-02T15:11:11Z,4,1
669,Empleado_669,2021-01-14T10:36:48Z,5,5
670,Empleado_670,2021-10-04T17:40:45Z,8,3
671,Empleado_671,2020-11-07T23:21:29Z,9,4
672,Empleado_672,2020-03-15T16:50:34Z,5,7
673,Empleado_673,2021-09-08T11:03:35Z,1,3
674,Empleado_674,2020-03-26T16:58:05Z,3,8
675,Empleado_675,2021-09-12T16:27:26Z,4,13
676,Empleado_676,2022-09-05T18:50:13Z,10,13
677,Empleado_677,2020-10-26T16:45:22Z,2,13
678,Empleado_678,2020-07-01T06:48:46Z,6,15
679,Empleado_679,2021-02-03T02:17:12Z,7,5
680,Empleado_680,2020-08-06T05:14:23Z,10,10
681,Empleado_681,2021-12-15T07:32:14Z,3,15
682,Empleado_682,2021-02-26T23:24:33Z,6,2
683,Empleado_683,2022-04-27T18:02:15Z,7,10
684,Empleado_684,2020-05-01T16:01:35Z,8,2
685,Empleado_685,2021-03-23T05:36:30Z,1,14
686,Empleado_686,2022-07-05T09:45:08Z,2,5
687,Empleado_687,2020-10-10T01:21:57Z,2,12
688,Empleado_688,2021-09-05T11:33:17Z,4,5
689,Empleado_689,2021-06-12T12:22:43Z,3,13
690,Empleado_690,2020-09-04T09:07:30Z,5,5
691,Empleado_691,2020-09-09T23:17:11Z,7,7
692,Empleado_692,2021-11-28T09:17:21Z,7,5
693,Empleado_693,2020-03-24T16:59:56Z,2,14
694,Empleado_694,2022-09-12T17:26:32Z,10,15
695,Empleado_695,2021-02-02T03:04:06Z,10,1
696,Empleado_696,2020-12-15T05:59:14Z,7,13
697,Empleado_697,2020-02-03T06:46:36Z,4,4
698,Empleado_698,2021-11-20T16:28:40Z,10,8
699,Empleado_699,2020-10-09T08:49:50Z,4,3
700,Empleado_700,2021-10-28T02:05:20Z,3,2
701,Empleado_701,2021-06-23T19:56:28Z,6,3
702,Empleado_702,2021-02-25T23:48:19Z,2,12
703,Empleado_703,2021-01-07T00:47:00Z,4,11
704,Empleado_704,2022-03-04T19:15:32Z,1,11
705,Empleado_705,2020-08-01T11:55:58Z,7,8
706,Empleado_706,2021-02-21T10:01:51Z,7,10
707,Empleado_707,2021-08-04T13:06:05Z,10,7
708,Empleado_708,2020-11-19T09:52:49Z,6,13
709,Empleado_709,2021-10-19T21:39:54Z,9,7
710,Empleado_710,2020-05-03T06:49:21Z,10,14
711,Empleado_711,2020-02-22T14:14:52Z,8,4
712,Empleado_712,2022-09-11T15:07:59Z,2,10
713,Empleado_713,2020-11-28T23:57:10Z,9,5
714,Empleado_714,2020-03-02T00:02:55Z,8,15
715,Empleado_715,2021-02-15T21:32:44Z,10,9
716,Empleado_716,2021-06-26T03:44:22Z,9,7
717,Empleado_717,2020-01-22T15:46:13Z,2,11
718,Empleado_718,2021-05-09T03:34:49Z,4,1
719,Empleado_719,2022-08-09T11:40:31Z,4,11
720,Empleado_720,2021-03-21T08:32:34Z,3,8
721,Empleado_721,2021-11-05T03:07:22Z,2,9
722,Empleado_722,2021-12-29T15:44:11Z,4,12
723,Empleado_723,2021-11-02T15:06:33Z,7,5
724,Empleado_724,2021-10-28T18:11:08Z,2,3
725,Empleado_725,2021-08-10T00:46:16Z,1,3
726,Empleado_726,2021-07-21T23:36:28Z,10,12
727,Empleado_727,2022-08-23T19:13:36Z,2,4
728,Empleado_728,2020-07-29T22:23:26Z,8,15
729,Empleado_729,2021-10-25T00:04:42Z,9,13
730,Empleado_730,2022-02-26T13:42:14Z,9,12
731,Empleado_731,2021-03-07T01:15:21Z,9,3
732,Empleado_732,2022-02-26T00:24:37Z,5,2
733,Empleado_733,2021-12-08T11:09:08Z,4,2
734,Empleado_734,2020-11-28T07:45:10Z,2,7
735,Empleado_735,2021-05-22T12:18:56Z,2,6
736,Empleado_736,2022-09-20T22:48:06Z,9,5
737,Empleado_737,2020-11-30T11:15:13Z,3,14
738,Empleado_738,2020-08-24T04:46:21Z,7,14
739,Empleado_739,2020-08-24T14:44:58Z,6,9
740,Empleado_740,2022-04-07T17:50:39Z,4,7
741,Empleado_741,2022-03-16T17:02:28Z,7,1
742,Empleado_742,2021-10-24T22:23:49Z,9,7
743,Empleado_743,2021-03-26T06:41:23Z,2,6
744,Empleado_744,2020-12-01T03:11:27Z,3,2
745,Empleado_745,2022-04-18T13:21:46Z,1,1
746,Empleado_746,2021-03-06T17:29:20Z,1,1
747,Empleado_747,2022-04-04T06:14:17Z,5,12
748,Empleado_748,2020-11-29T10:03:18Z,5,9
749,Empleado_749,2020-04-18T04:56:40Z,3,11
750,Empleado_750,2020-02-06T00:58:45Z,1,13
751,Empleado_751,2021-10-22T19:58:38Z,3,11
752,Empleado_752,2021-01-20T18:50:34Z,4,10
753,Empleado_753,2021-08-15T10:52:54Z,3,8
754,Empleado_754,2021-11-23T16:21:24Z,5,3
755,Empleado_755,2021-02-27T05:49:32Z,4,3
756,Empleado_756,2020-02-12T20:26:11Z,1,8
757,Empleado_757,2020-02-16T22:05:11Z,5,2
758,Empleado_758,2022-01-20T20:22:34Z,7,2
759,Empleado_759,2020-04-22T21:17:13Z,5,13
760,Empleado_760,2020-12-16T21:45:09Z,7,13
761,Empleado_761,2020-11-24T02:33:08Z,1,13
762,Empleado_762,2022-01-27T22:05:14Z,6,6
763,Empleado_763,2020-06-19T10:28:06Z,10,11
764,Empleado_764,2020-12-12T09:50:25Z,10,3
765,Empleado_765,2021-09-27T08:20:31Z,10,11
766,Empleado_766,2021-11-20T04:44:47Z,8,12
767,Empleado_767,2020-01-15T21:38:56Z,2,5
768,Empleado_768,2022-01-29T20:06:10Z,10,8
769,Empleado_769,2021-03-11T11:06:22Z,5,13
770,Empleado_770,2021-08-29T00:16:18Z,5,14
771,Empleado_771,2021-07-23T20:17:24Z,1,1
772,Empleado_772,2021-12-03T02:51:49Z,1,9
773,Empleado_773,2020-11-28T01:56:45Z,5,6
774,Empleado_774,2021-04-13T07:24:56Z,9,10
775,Empleado_775,2022-07-19T01:01:08Z,2,7
776,Empleado_776,2022-05-07T04:20:53Z,2,4
777,Empleado_777,2020-02-16T16:22:23Z,6,15
778,Empleado_778,2020-06-16T16:26:09Z,8,10
779,Empleado_779,2020-02-11T14:32:03Z,4,12
780,Empleado_780,2022-09-27T15:58:48Z,6,11
781,Empleado_781,2020-10-01T22:30:03Z,7,7
782,Empleado_782,2022-05-05T21:15:21Z,2,8
783,Empleado_783,2021-02-24T01:31:09Z,1,1
784,Empleado_784,2021-11-24T21:04:49Z,9,7
785,Empleado_785,2022-08-11T18:43:59Z,3,12
786,Empleado_786,2020-08-15T16:52:06Z,4,13
787,Empleado_787,2022-03-18T19:36:07Z,1,5
788,Empleado_788,2021-03-02T19:38:48Z,2,12
789,Empleado_789,2022-06-06T14:50:21Z,4,12
790,Empleado_790,2020-05-17T08:15:08Z,4,11
791,Empleado_791,2021-03-30T22:08:36Z,4,15
792,Empleado_792,2020-10-27T20:18:50Z,10,10
793,Empleado_793,2021-11-04T15:13:48Z,3,2
794,Empleado_794,2022-02-07T23:33:23Z,10,10
795,Empleado_795,2020-03-09T14:04:41Z,4,15
796,Empleado_796,2022-06-14T18:04:37Z,5,2
797,Empleado_797,2021-02-21T09:27:40Z,3,5
798,Empleado_798,2021-12-05T07:34:56Z,2,5
799,Empleado_799,2020-03-10T20:04:20Z,7,13
800,Empleado_800,2020-09-05T04:59:53Z,8,9
801,Empleado_801,2020-12-02T17:47:11Z,8,8
802,Empleado_802,2021-08-24T06:09:08Z,9,15
803,Empleado_803,2020-05-19T22:23:47Z,4,11
804,Empleado_804,2022-01-28T18:18:48Z,2,8
805,Empleado_805,2021-06-14T10:29:01Z,9,9
806,Empleado_806,2020-02-04T08:41:33Z,2,9
807,Empleado_807,2022-02-13T16:40:24Z,9,11
808,Empleado_808,2022-05-09T02:07:25Z,3,4
809,Empleado_809,2022-06-16T05:17:41Z,4,4
810,Empleado_810,2020-09-13T06:59:30Z,7,6
811,Empleado_811,2020-10-16T00:41:44Z,2,15
812,Empleado_812,2020-11-27T00:33:44Z,9,9
813,Empleado_813,2022-08-18T15:09:19Z,4,2
814,Empleado_814,2022-02-03T12:47:31Z,3,6
815,Empleado_815,2022-01-24T02:31:15Z,10,12
816,Empleado_816,2020-03-07T15:44:28Z,7,3
817,Empleado_817,2020-11-18T22:25:53Z,8,11
818,Empleado_818,2022-01-24T15:53:54Z,8,11
819,Empleado_819,2020-04-28T21:43:13Z,6,1
820,Empleado_820,2021-03-25T12:22:33Z,7,4
821,Empleado_821,2021-05-26T07:29:00Z,1,11
822,Empleado_822,2021-04-26T13:05:19Z,3,8
823,Empleado_823,2021-03-04T22:57:08Z,6,6
824,Empleado_824,2020-09-21T08:04:34Z,2,1
825,Empleado_825,2021-08-21T03:14:56Z,10,6
826,Empleado_826,2021-03-09T16:14:21Z,9,4
827,Empleado_827,2022-06-20T08:47:19Z,4,8
828,Empleado_828,2020-08-01T21:53:58Z,5,3
829,Empleado_829,2020-06-23T16:00:22Z,8,5
830,Empleado_830,2021-04-16T17:58:08Z,5,11
831,Empleado_831,2020-09-30T07:37:34Z,3,14
832,Empleado_832,2021-07-30T02:20:36Z,9,10
833,Empleado_833,2022-09-19T06:37:26Z,9,12
834,Empleado_834,2020-01-15T20:36:22Z,7,5
835,Empleado_835,2021-05-25T00:27:38Z,8,11
836,Empleado_836,2020-12-27T13:59:34Z,5,6
837,Empleado_837,2020-04-02T00:48:18Z,5,12
838,Empleado_838,2022-03-02T10:05:30Z,3,8
839,Empleado_839,2022-03-08T06:56:36Z,4,6
840,Empleado_840,2022-03-31T14:26:28Z,1,2
841,Empleado_841,2021-02-21T22:14:22Z,3,10
842,Empleado_842,2022-08-30T08:34:29Z,6,2
843,Empleado_843,2021-04-13T04:55:35Z,3,15
844,Empleado_844,2022-04-29T11:38:58Z,2,7
845,Empleado_845,2021-02-07T14:05:49Z,3,2
846,Empleado_846,2021-11-22T01:28:27Z,9,6
847,Empleado_847,2021-05-23T00:18:08Z,1,6
848,Empleado_848,2022-02-01T21:32:43Z,7,2
849,Empleado_849,2020-08-18T05:36:28Z,8,4
850,Empleado_850,2021-04-04T02:25:54Z,7,9
851,Empleado_851,2021-07-29T21:07:05Z,10,12
852,Empleado_852,2020-05-28T08:52:38Z,2,10
853,Empleado_853,2022-01-23T15:17:45Z,10,8
854,Empleado_854,2020-10-21T18:12:47Z,10,7
855,Empleado_855,2022-08-12T00:01:40Z,1,11
856,Empleado_856,2022-05-09T02:06:48Z,1,9
857,Empleado_857,2021-04-16T05:51:49Z,3,15
858,Empleado_858,2021-10-29T17:51:30Z,2,8
859,Empleado_859,2021-01-25T21:48:13Z,7,2
860,Empleado_860,2022-08-02T14:20:01Z,5,8
861,Empleado_861,2021-11-19T13:48:46Z,3,8
862,Empleado_862,2022-06-04T02:50:25Z,1,12
863,Empleado_863,2020-08-06T18:58:02Z,9,7
864,Empleado_864,2020-08-28T18:34:54Z,8,8
865,Empleado_865,2020-09-02T16:45:03Z,3,12
866,Empleado_866,2020-02-23T03:43:19Z,10,1
867,Empleado_867,2022-02-05T10:09:26Z,8,4
868,Empleado_868,2020-03-08T19:22:29Z,2,12
869,Empleado_869,2022-07-12T02:05:30Z,6,3
870,Empleado_870,2021-12-25T11:10:58Z,8,9
871,Empleado_871,2021-11-17T22:05:37Z,2,4
872,Empleado_872,2020-08-27T21:37:59Z,9,3
873,Empleado_873,2020-02-03T09:41:44Z,10,14
874,Empleado_874,2021-08-05T08:30:28Z,6,6
875,Empleado_875,2021-06-19T06:17:07Z,10,15
876,Empleado_876,2022-09-17T07:46:47Z,4,5
877,Empleado_877,2021-02-08T14:44:44Z,7,12
878,Empleado_878,2021-03-31T07:48:01Z,4,7
879,Empleado_879,2020-03-10T16:08:35Z,9,1
880,Empleado_880,2022-07-19T12:03:24Z,1,15
881,Empleado_881,2021-04-18T19:16:42Z,8,12
882,Empleado_882,2022-03-20T04:33:46Z,4,1
883,Empleado_883,2020-09-20T04:05:07Z,6,15
884,Empleado_884,2021-05-25T12:32:39Z,5,7
885,Empleado_885,2021-08-01T14:53:04Z,10,5
886,Empleado_886,2020-10-14T06:47:33Z,6,15
887,Empleado_887,2020-08-22T12:24:04Z,9,5
888,Empleado_888,2021-07-07T10:07:55Z,7,7
889,Empleado_889,2022-05-05T15:38:29Z,4,15
890,Empleado_890,2021-11-08T19:09:19Z,9,11
891,Empleado_891,2020-01-21T11:13:00Z,1,4
892,Empleado_892,2022-01-21T01:36:28Z,6,15
893,Empleado_893,2022-04-09T19:11:26Z,2,15
894,Empleado_894,2022-03-26T09:00:35Z,10,14
895,Empleado_895,2021-10-30T08:41:35Z,10,1
896,Empleado_896,2021-02-13T02:33:49Z,9,5
897,Empleado_897,2020-12-27T22:48:38Z,7,13
898,Empleado_898,2021-02-08T01:44:11Z,2,8
899,Empleado_899,2020-05-02T21:54:18Z,2,5
900,Empleado_900,2021-04-06T11:45:33Z,2,8
901,Empleado_901,2021-07-31T02:39:43Z,8,5
902,Empleado_902,2020-02-22T20:37:24Z,1,12
903,Empleado_903,2021-10-23T21:41:42Z,1,5
904,Empleado_904,2022-04-03T20:45:31Z,8,9
905,Empleado_905,2021-10-07T21:45:18Z,1,15
906,Empleado_906,2022-05-05T17:43:44Z,1,6
907,Empleado_907,2021-12-14T14:39:51Z,3,2
908,Empleado_908,2021-06-07T01:33:35Z,7,11
909,Empleado_909,2022-02-02T23:54:21Z,2,9
910,Empleado_910,2022-05-05T11:34:36Z,4,1
911,Empleado_911,2022-05-27T11:49:30Z,10,12
912,Empleado_912,2020-09-30T04:00:18Z,8,14
913,Empleado_913,2021-01-03T22:19:30Z,3,11
914,Empleado_914,2021-04-29T00:03:01Z,5,7
915,Empleado_915,2020-01-02T21:58:13Z,2,13
916,Empleado_916,2021-02-23T07:16:47Z,10,5
917,Empleado_917,2022-02-22T02:13:43Z,8,6
918,Empleado_918,2020-01-26T03:10:59Z,7,6
919,Empleado_919,2021-01-04T16:00:28Z,3,9
920,Empleado_920,2022-07-05T07:54:57Z,2,9
921,Empleado_921,2022-08-26T05:01:39Z,10,12
922,Empleado_922,2021-05-15T07:26:08Z,9,4
923,Empleado_923,2021-04-26T22:44:40Z,9,1
924,Empleado_924,2021-01-01T20:08:04Z,6,15
925,Empleado_925,2021-06-09T12:01:38Z,5,12
926,Empleado_926,2022-01-24T08:04:28Z,6,7
927,Empleado_927,2020-12-13T17:38:38Z,7,3
928,Empleado_928,2020-07-06T11:19:12Z,9,5
929,Empleado_929,2022-02-28T02:29:26Z,6,4
930,Empleado_930,2020-09-26T09:56:42Z,10,9
931,Empleado_931,2021-12-08T12:33:48Z,7,13
932,Empleado_932,2021-05-24T05:08:42Z,3,2
933,Empleado_933,2020-12-14T14:55:22Z,3,5
934,Empleado_934,2022-04-14T19:28:00Z,3,13
935,Empleado_935,2022-05-28T04:50:03Z,4,5
936,Empleado_936,2021-06-11T15:02:58Z,3,12
937,Empleado_937,2022-04-26T04:31:42Z,5,1
938,Empleado_938,2020-02-12T03:04:29Z,6,6
939,Empleado_939,2022-09-16T14:47:11Z,3,14
940,Empleado_940,2022-06-08T15:46:15Z,2,14
941,Empleado_941,2021-08-14T10:34:45Z,6,12
942,Empleado_942,2020-09-25T14:23:11Z,9,13
943,Empleado_943,2022-09-04T18:16:34Z,3,5
944,Empleado_944,2022-03-12T23:26:47Z,3,14
945,Empleado_945,2022-09-10T06:50:38Z,4,11
946,Empleado_946,2021-07-01T21:40:32Z,10,1
947,Empleado_947,2020-06-10T04:23:26Z,9,5
948,Empleado_948,2020-03-21T09:15:13Z,7,2
949,Empleado_949,2021-05-06T09:34:43Z,2,10
950,Empleado_950,2020-09-05T23:02:30Z,10,11
951,Empleado_951,2020-10-26T01:48:21Z,5,12
952,Empleado_952,2021-12-27T10:28:22Z,8,1
953,Empleado_953,2022-06-13T08:57:37Z,8,15
954,Empleado_954,2021-04-28T18:15:36Z,10,14
955,Empleado_955,2021-06-15T14:17:45Z,8,13
956,Empleado_956,2020-01-08T22:14:19Z,3,9
957,Empleado_957,2022-04-26T11:20:02Z,6,2
958,Empleado_958,2020-05-07T16:53:32Z,4,14
959,Empleado_959,2022-05-08T21:33:10Z,4,1
960,Empleado_960,2021-03-06T06:45:10Z,8,11
961,Empleado_961,2022-07-18T15:55:23Z,3,9
962,Empleado_962,2020-06-23T04:01:27Z,7,7
963,Empleado_963,2020-06-01T15:40:10Z,3,2
964,Empleado_964,2021-11-14T09:03:26Z,9,9
965,Empleado_965,2021-07-28T07:46:18Z,5,13
966,Empleado_966,2022-04-05T22:16:20Z,8,5
967,Empleado_967,2021-04-14T07:13:51Z,9,10
968,Empleado_968,2020-03-24T17:02:50Z,10,3
969,Empleado_969,2020-01-21T23:50:39Z,9,8
970,Empleado_970,2021-09-11T13:43:20Z,3,6
971,Empleado_971,2020-04-13T08:54:50Z,9,9
972,Empleado_972,2021-09-22T01:13:54Z,6,2
973,Empleado_973,2021-03-27T14:17:02Z,2,4
974,Empleado_974,2020-02-15T01:30:02Z,2,14
975,Empleado_975,2020-08-21T20:52:34Z,7,13
976,Empleado_976,2022-01-14T22:32:11Z,2,6
977,Empleado_977,2021-10-21T17:50:04Z,6,6
978,Empleado_978,2020-06-27T22:12:47Z,10,15
979,Empleado_979,2021-09-10T06:50:39Z,5,13
980,Empleado_980,2021-10-22T19:54:22Z,10,2
981,Empleado_981,2022-05-13T00:42:04Z,8,13
982,Empleado_982,2021-11-01T10:23:15Z,9,12
983,Empleado_983,2020-10-17T22:32:14Z,8,9
984,Empleado_984,2022-07-20T00:23:26Z,8,9
985,Empleado_985,2021-05-11T23:43:47Z,3,8
986,Empleado_986,2022-07-01T14:45:31Z,8,15
987,Empleado_987,2020-01-17T02:01:33Z,1,8
988,Empleado_988,2021-01-28T23:08:27Z,5,11
989,Empleado_989,2020-09-26T00:37:27Z,7,6
990,Empleado_990,2021-01-26T06:18:17Z,7,14
991,Empleado_991,2021-08-10T16:20:34Z,9,6
992,Empleado_992,2022-01-31T20:55:58Z,7,1
993,Empleado_993,2021-11-01T10:45:00Z,9,11
994,Empleado_994,2020-06-05T18:47:18Z,9,15
995,Empleado_995,2022-03-30T16:46:28Z,9,2
996,Empleado_996,2020-05-13T03:38:16Z,10,13
997,Empleado_997,2020-11-29T17:58:36Z,3,4
998,Empleado_998,2020-09-26T10:48:30Z,10,7
999,Empleado_999,2021-11-24T05:37:14Z,8,13
